name,strategy,planner,rep,ok,checked,fallback,pre_fb,home_fb,t,jl,cl,n,n_chk,bad,bad_coarse,bad_pairs,frac,jl_pre,jl_app,jl_home,plan_calls,plan_fail,plan_t,method
fruit_r0_p3_t0_f0,harvest_linear,RRTConnect,0,True,True,False,False,False,2.741455078125,4.96273256207524,2.46803823868492,44,166,0,0,,1.0,2.057852526761434,0.4233461130995866,2.0581878091146324,2,0,0.11248898506164551,cartesian(frac=1.00)
fruit_r0_p3_t0_f0,harvest_linear,RRTConnect,1,True,True,False,False,False,2.673633337020874,5.649986847439173,2.595749631646755,48,190,0,0,,1.0,2.3325041674110643,0.49264646216606717,2.3321897556959743,2,0,0.1134798526763916,cartesian(frac=1.00)
fruit_r0_p3_t0_f0,harvest_linear,RRTConnect,2,True,True,False,False,False,2.737891435623169,5.139988116568739,2.401629213076265,46,183,0,0,,1.0,2.1767779545704644,0.39351484503303963,2.1761804719321955,2,0,0.1171572208404541,cartesian(frac=1.00)
fruit_r0_p3_t0_f0,frontal,RRTConnect,0,True,False,False,False,False,0.42871785163879395,7.291768490771631,2.6064659089138997,98,259,0,0,,,3.1534623669665858,0.4924218784192297,3.1534623669665853,0,0,0.0,frontal/직선진입 fraction=1.00 (회피 없음)
fruit_r0_p3_t0_f0,frontal,RRTConnect,1,True,False,False,False,False,0.44670820236206055,7.466370801405785,2.6156100815109253,98,337,0,0,,,3.24678988352073,0.48639551718216184,3.246789883520731,0,0,0.0,frontal/직선진입 fraction=1.00 (회피 없음)
fruit_r0_p3_t0_f0,frontal,RRTConnect,2,True,False,False,False,False,0.48189330101013184,7.46637212844349,2.6156100755871745,98,337,0,0,,,3.246790052605893,0.48639601161585216,3.246790052605893,0,0,0.0,frontal/직선진입 fraction=1.00 (회피 없음)
fruit_r0_p3_t0_f0,naive,RRTConnect,0,True,False,False,False,False,0.41489076614379883,5.172771064832645,2.514728327621575,84,238,32,8,stem_r0_p3_s1|grasped_fruit_r0_p3_t0_f0×22;rg2_leftfinger|stem_r0_p3_s1×10,,2.586385532416323,0.0,2.5863855324163225,0,0,0.0,naive/관절보간 40점 (회피 없음)
fruit_r0_p3_t0_f0,naive,RRTConnect,1,True,False,False,False,False,0.4599888324737549,8.683935706031919,4.5487130642295,84,316,0,0,,,4.3419678530159596,0.0,4.3419678530159596,0,0,0.0,naive/관절보간 40점 (회피 없음)
fruit_r0_p3_t0_f0,naive,RRTConnect,2,True,False,False,False,False,0.434551477432251,9.086032571721633,2.3762679583959265,84,316,34,10,stem_r0_p3_s1|grasped_fruit_r0_p3_t0_f0×26;rg2_leftfinger|stem_r0_p3_s1×8;rg2_leftfinger|rachis_r0_p3_t1×6,,4.543016285860816,0.0,4.543016285860817,0,0,0.0,naive/관절보간 40점 (회피 없음)
fruit_r0_p2_t0_f0,harvest_linear,RRTConnect,0,True,True,False,False,False,2.0057764053344727,4.684810679423889,2.2365049973187725,44,166,0,0,,1.0,1.9245931140476686,0.4183252234535069,1.923567118469207,2,0,0.12264275550842285,cartesian(frac=1.00)
fruit_r0_p2_t0_f0,harvest_linear,RRTConnect,1,True,True,False,False,False,1.8640329837799072,5.808437323370345,2.076126971427507,48,202,0,0,,1.0,2.535018874686909,0.36957171715436565,2.534275014374705,2,0,0.12111020088195801,cartesian(frac=1.00)
fruit_r0_p2_t0_f0,harvest_linear,RRTConnect,2,True,True,False,False,False,1.875593900680542,4.905066151221576,2.181581591719784,46,180,0,0,,1.0,2.0616159042544173,0.390907547989052,2.061635150989055,2,0,0.1424422264099121,cartesian(frac=1.00)
fruit_r0_p2_t0_f0,frontal,RRTConnect,0,True,False,False,False,False,0.49245309829711914,7.9403075354054895,2.415406770225159,98,259,0,0,,,3.513603019302627,0.4565507484001168,3.513603019302628,0,0,0.0,frontal/직선진입 fraction=1.00 (회피 없음)
fruit_r0_p2_t0_f0,frontal,RRTConnect,1,True,False,False,False,False,0.4548189640045166,8.974937284612608,2.9990710281608735,98,337,0,0,,,3.999904671766499,0.4875639705398046,3.9999046717664997,0,0,0.0,frontal/직선진입 fraction=1.00 (회피 없음)
fruit_r0_p2_t0_f0,frontal,RRTConnect,2,True,False,False,False,False,0.47026538848876953,7.785228761077091,2.406348469618311,98,259,0,0,,,3.4302070091603363,0.46240737137820875,3.4302070091603376,0,0,0.0,frontal/직선진입 fraction=1.00 (회피 없음)
fruit_r0_p2_t0_f0,naive,RRTConnect,0,True,False,False,False,False,0.4160919189453125,4.355973225126963,2.2189665291741676,84,160,6,2,rg2_leftfinger|rachis_r0_p2_t1×6,,2.1779866125634815,0.0,2.1779866125634815,0,0,0.0,naive/관절보간 40점 (회피 없음)
fruit_r0_p2_t0_f0,naive,RRTConnect,1,True,False,False,False,False,0.4296255111694336,4.355970145439087,2.2189665109787673,84,160,6,2,rg2_leftfinger|rachis_r0_p2_t1×6,,2.1779850727195433,0.0,2.1779850727195433,0,0,0.0,naive/관절보간 40점 (회피 없음)
fruit_r0_p2_t0_f0,naive,RRTConnect,2,True,False,False,False,False,0.4335367679595947,4.990122067057504,2.3037983627864103,84,238,8,2,rg2_leftfinger|rachis_r0_p2_t1×8,,2.4950610335287515,0.0,2.495061033528752,0,0,0.0,naive/관절보간 40점 (회피 없음)
fruit_r0_p2_t0_f3,harvest_linear,RRTConnect,0,True,True,False,False,False,1.251434564590454,6.205557741611688,2.654640361360296,50,253,0,0,,1.0,2.6948928757257824,0.4077418940338119,2.6951810778182828,2,0,0.14061880111694336,cartesian(frac=1.00)
fruit_r0_p2_t0_f3,harvest_linear,RRTConnect,1,True,True,False,False,False,1.4232380390167236,5.479735861281471,2.498122621437539,46,189,0,0,,1.0,2.271672973694749,0.4679961980864909,2.2720704914137406,2,0,0.1293196678161621,cartesian(frac=1.00)
fruit_r0_p2_t0_f3,harvest_linear,RRTConnect,2,True,True,False,False,False,1.0884196758270264,6.3471054183790505,2.6541658609080088,52,255,0,0,,1.0,2.766151554222556,0.407073919376588,2.7668060254033184,2,0,0.12029123306274414,cartesian(frac=1.00)
fruit_r0_p2_t0_f3,frontal,RRTConnect,0,True,False,False,False,False,0.36467456817626953,7.874769390992469,2.5501636121098805,98,262,8,2,stem_r0_p2_s1|grasped_fruit_r0_p2_t0_f3×8,,3.455842485221937,0.481542210274297,3.4558424852219374,0,0,0.0,frontal/직선진입 fraction=1.00 (회피 없음)
fruit_r0_p2_t0_f3,frontal,RRTConnect,1,True,False,False,False,False,0.22693729400634766,9.065353572878392,3.2002583555381,98,340,0,0,,,4.027295514554719,0.5053812718844763,4.027295514554719,0,0,0.0,frontal/직선진입 fraction=1.00 (회피 없음)
fruit_r0_p2_t0_f3,frontal,RRTConnect,2,True,False,False,False,False,0.32342052459716797,7.87476897396958,2.550163708257112,98,262,8,2,stem_r0_p2_s1|grasped_fruit_r0_p2_t0_f3×8,,3.455842504844492,0.48154198214029875,3.4558425048444907,0,0,0.0,frontal/직선진입 fraction=1.00 (회피 없음)
fruit_r0_p2_t0_f3,naive,RRTConnect,0,True,False,False,False,False,0.2558305263519287,5.175492211161539,2.435592445983124,84,238,22,6,stem_r0_p2_s1|grasped_fruit_r0_p2_t0_f3×16;rg2_leftfinger|rachis_r0_p2_t1×8,,2.5877461055807696,0.0,2.5877461055807696,0,0,0.0,naive/관절보간 40점 (회피 없음)
fruit_r0_p2_t0_f3,naive,RRTConnect,1,True,False,False,False,False,0.22649526596069336,9.167238451126405,3.5796576934006117,84,316,14,4,rg2_hand|stem_r0_p2_s0×8;stem_r0_p2_s0|grasped_fruit_r0_p2_t0_f3×8;rg2_leftfinger|stem_r0_p2_s0×6;rg2_hand|stem_r0_p2_s1×4,,4.583619225563202,0.0,4.5836192255632024,0,0,0.0,naive/관절보간 40점 (회피 없음)
fruit_r0_p2_t0_f3,naive,RRTConnect,2,True,False,False,False,False,0.21659302711486816,5.17552335241216,2.4355831842852993,84,238,22,6,stem_r0_p2_s1|grasped_fruit_r0_p2_t0_f3×16;rg2_leftfinger|rachis_r0_p2_t1×8,,2.5877616762060804,0.0,2.58776167620608,0,0,0.0,naive/관절보간 40점 (회피 없음)
fruit_r0_p2_t0_f2,harvest_linear,RRTConnect,0,True,True,False,False,False,1.0297093391418457,4.631282057560501,2.2946929922439017,44,165,0,0,,1.0,1.909413767775181,0.4062794399704225,1.9093094098444756,2,0,0.1365962028503418,cartesian(frac=1.00)
fruit_r0_p2_t0_f2,harvest_linear,RRTConnect,1,True,True,False,False,False,1.1935808658599854,5.510077683100466,2.152336464016625,48,196,0,0,,1.0,2.3718397295683484,0.3830971460928656,2.3720436613463867,2,0,0.1206364631652832,cartesian(frac=1.00)
fruit_r0_p2_t0_f2,harvest_linear,RRTConnect,2,True,True,False,False,False,1.1347315311431885,5.507793712119839,2.153438098705113,48,196,0,0,,1.0,2.370675686045843,0.38309662264231426,2.3709247807893674,2,0,0.12555670738220215,cartesian(frac=1.00)
fruit_r0_p2_t0_f2,frontal,RRTConnect,0,True,False,False,False,False,0.3177363872528076,9.071823503073777,3.0772046247258906,98,340,0,0,,,4.0303466120122495,0.5055651395246381,4.03034661201225,0,0,0.0,frontal/직선진입 fraction=1.00 (회피 없음)
fruit_r0_p2_t0_f2,frontal,RRTConnect,1,True,False,False,False,False,0.26325058937072754,9.071823472360396,3.0772046119901124,98,340,0,0,,,4.030346606207289,0.5055651299729106,4.030346606207288,0,0,0.0,frontal/직선진입 fraction=1.00 (회피 없음)
fruit_r0_p2_t0_f2,frontal,RRTConnect,2,True,False,False,False,False,0.277327299118042,9.071824621488767,3.077204338873324,98,340,0,0,,,4.030346628594634,0.5055656821497496,4.030346628594634,0,0,0.0,frontal/직선진입 fraction=1.00 (회피 없음)
fruit_r0_p2_t0_f2,naive,RRTConnect,0,True,False,False,False,False,0.20168614387512207,9.08270325637632,3.474417625195019,84,316,16,4,stem_r0_p2_s0|grasped_fruit_r0_p2_t0_f2×10;stem_r0_p2_s1|grasped_fruit_r0_p2_t0_f2×10;rg2_leftfinger|stem_r0_p2_s1×6;rg2_hand|stem_r0_p2_s1×6,,4.541351628188161,0.0,4.541351628188159,0,0,0.0,naive/관절보간 40점 (회피 없음)
fruit_r0_p2_t0_f2,naive,RRTConnect,1,True,False,False,False,False,0.17051315307617188,5.048438710719758,2.3565444148034036,84,238,6,2,rg2_leftfinger|rachis_r0_p2_t1×6,,2.5242193553598793,0.0,2.524219355359879,0,0,0.0,naive/관절보간 40점 (회피 없음)
fruit_r0_p2_t0_f2,naive,RRTConnect,2,True,False,False,False,False,0.23945283889770508,9.082705455620992,3.4744173392872084,84,316,16,4,stem_r0_p2_s0|grasped_fruit_r0_p2_t0_f2×10;stem_r0_p2_s1|grasped_fruit_r0_p2_t0_f2×10;rg2_leftfinger|stem_r0_p2_s1×6;rg2_hand|stem_r0_p2_s1×6,,4.541352727810495,0.0,4.541352727810497,0,0,0.0,naive/관절보간 40점 (회피 없음)
fruit_r0_p3_t0_f2,harvest_linear,RRTConnect,0,True,True,False,False,False,1.7011699676513672,5.5834714193691175,2.382173278381053,48,190,0,0,,1.0,2.403917234293731,0.38767198811376863,2.404210208847849,2,0,0.12248396873474121,cartesian(frac=1.00)
fruit_r0_p3_t0_f2,harvest_linear,RRTConnect,1,True,True,False,False,False,1.8086514472961426,5.47219998989372,2.6760406756626014,44,179,2,0,rg2_leftfinger|rachis_r0_p3_t1×2,1.0,2.2751164766097696,0.46160209191147744,2.2738793294609954,2,0,0.11414909362792969,cartesian(frac=1.00)
fruit_r0_p3_t0_f2,harvest_linear,RRTConnect,2,True,True,False,False,False,1.6796352863311768,4.783575679205649,2.555971348716721,42,157,0,0,,1.0,1.9948664409226455,0.3963009195929821,1.996107399097039,2,0,0.10870862007141113,cartesian(frac=1.00)
fruit_r0_p3_t0_f2,frontal,RRTConnect,0,True,False,False,False,False,0.33361005783081055,7.126761095485612,2.689073960029283,98,262,2,0,stem_r0_p3_s1|grasped_fruit_r0_p3_t0_f2×2,,3.052704687100572,0.5106758606422351,3.0527046871005705,0,0,0.0,frontal/직선진입 fraction=1.00 (회피 없음)
fruit_r0_p3_t0_f2,frontal,RRTConnect,1,True,False,False,False,False,0.33907365798950195,7.126735415698228,2.6890777922429985,98,262,2,0,stem_r0_p3_s1|grasped_fruit_r0_p3_t0_f2×2,,3.052698207273224,0.5106695005758908,3.0526982072732225,0,0,0.0,frontal/직선진입 fraction=1.00 (회피 없음)
fruit_r0_p3_t0_f2,frontal,RRTConnect,2,True,False,False,False,False,0.3892960548400879,7.126735261032884,2.6890777554205396,98,262,2,0,stem_r0_p3_s1|grasped_fruit_r0_p3_t0_f2×2,,3.0526981671128612,0.5106694634035805,3.0526981671128617,0,0,0.0,frontal/직선진입 fraction=1.00 (회피 없음)
fruit_r0_p3_t0_f2,naive,RRTConnect,0,True,False,False,False,False,0.3185410499572754,8.692156967119988,4.725290140486367,84,316,2,2,rg2_leftfinger|rachis_r0_p4_t0×2;rg2_leftfinger|stem_r0_p4_s0×2;rg2_leftfinger|stem_r0_p4_s1×2,,4.346078483559995,0.0,4.346078483559994,0,0,0.0,naive/관절보간 40점 (회피 없음)
fruit_r0_p3_t0_f2,naive,RRTConnect,1,True,False,False,False,False,0.3757011890411377,5.003169960451293,2.5967332365519633,84,238,26,8,stem_r0_p3_s1|grasped_fruit_r0_p3_t0_f2×16;rg2_leftfinger|stem_r0_p3_s1×10;rg2_hand|stem_r0_p3_s1×6,,2.501584980225647,0.0,2.501584980225646,0,0,0.0,naive/관절보간 40점 (회피 없음)
fruit_r0_p3_t0_f2,naive,RRTConnect,2,True,False,False,False,False,0.3952341079711914,8.692157092855258,4.725290155535282,84,316,2,2,rg2_leftfinger|rachis_r0_p4_t0×2;rg2_leftfinger|stem_r0_p4_s0×2;rg2_leftfinger|stem_r0_p4_s1×2,,4.346078546427629,0.0,4.34607854642763,0,0,0.0,naive/관절보간 40점 (회피 없음)
fruit_r0_p3_t0_f1,harvest_linear,RRTConnect,0,True,True,False,False,False,3.1911611557006836,6.0925381583012,2.4916306887145736,60,240,0,0,,1.0,2.6805734924659803,0.38935534063562127,2.633253984563977,2,0,0.16511893272399902,cartesian(frac=1.00)
fruit_r0_p3_t0_f1,harvest_linear,RRTConnect,1,True,True,False,False,False,3.0664420127868652,7.737356835602392,3.02574130927551,66,290,0,0,,1.0,3.8082251077333127,0.44044739898382934,3.04823692990142,2,0,0.1931471824645996,cartesian(frac=1.00)
fruit_r0_p3_t0_f1,harvest_linear,RRTConnect,2,True,True,False,False,False,2.98433518409729,7.81782466037075,2.907689989759017,61,288,0,0,,1.0,2.1756747709571456,0.38936499385283596,4.863419901707933,2,0,0.13263964653015137,cartesian(frac=1.00)
fruit_r0_p3_t0_f1,frontal,RRTConnect,0,True,False,False,False,False,0.5694084167480469,7.3143873098138945,2.659785973595218,98,262,34,11,stem_r0_p3_s1|grasped_fruit_r0_p3_t0_f1×20;rg2_leftfinger|stem_r0_p3_s1×8;rg2_rightfinger|stem_r0_p3_s0×6,,3.132884772930172,0.5243088819767757,3.132884772930171,0,0,0.0,frontal/직선진입 fraction=1.00 (회피 없음)
fruit_r0_p3_t0_f1,frontal,RRTConnect,1,True,False,False,False,False,0.4857957363128662,9.938270975106715,4.677276875137261,98,340,6,1,rg2_rightfinger|stem_r0_p3_s0×6,,4.459219194849106,0.5099162927042522,4.459219194849104,0,0,0.0,frontal/직선진입 fraction=1.00 (회피 없음)
fruit_r0_p3_t0_f1,frontal,RRTConnect,2,True,False,False,False,False,0.472775936126709,7.156196368813337,2.6548488918243445,98,262,34,11,stem_r0_p3_s1|grasped_fruit_r0_p3_t0_f1×20;rg2_leftfinger|stem_r0_p3_s1×8;rg2_rightfinger|stem_r0_p3_s0×6,,3.049761329166874,0.5283368552397949,3.049761329166874,0,0,0.0,frontal/직선진입 fraction=1.00 (회피 없음)
fruit_r0_p3_t0_f1,naive,RRTConnect,0,True,False,False,False,False,0.5224063396453857,8.779699387563788,4.832777853907573,84,316,6,2,stem_r0_p4_s1|grasped_fruit_r0_p3_t0_f1×4;rg2_leftfinger|stem_r0_p4_s1×2,,4.389849693781894,0.0,4.389849693781894,0,0,0.0,naive/관절보간 40점 (회피 없음)
fruit_r0_p3_t0_f1,naive,RRTConnect,1,True,False,False,False,False,0.5090053081512451,4.978461669255412,2.577976876675538,84,238,46,14,rg2_rightfinger|stem_r0_p3_s1×28;rg2_hand|stem_r0_p3_s1×20;rg2_rightfinger|stem_r0_p3_s0×14;rg2_leftfinger|stem_r0_p3_s1×12,,2.489230834627706,0.0,2.489230834627706,0,0,0.0,naive/관절보간 40점 (회피 없음)
fruit_r0_p3_t0_f1,naive,RRTConnect,2,True,False,False,False,False,0.45169854164123535,8.528109122250072,4.72818443057514,84,316,2,0,rg2_leftfinger|stem_r0_p4_s1×2,,4.264054561125035,0.0,4.264054561125036,0,0,0.0,naive/관절보간 40점 (회피 없음)
