name,strategy,planner,rep,ok,checked,fallback,pre_fb,home_fb,t,jl,cl,n,bad,bad_pairs,frac,jl_pre,jl_app,jl_home,plan_calls,plan_fail,plan_t,method
fruit_r0_p3_t0_f0,harvest_linear,RRTConnect,0,True,True,False,False,False,2.6354448795318604,5.1391085973368185,2.4008081093047857,46,0,,1.0,2.175683247523578,0.39353032625439277,2.176364697304455,2,0,0.11639261245727539,cartesian(frac=1.00)
fruit_r0_p3_t0_f0,harvest_linear,RRTConnect,1,True,True,False,False,False,2.643397569656372,4.960355344144173,2.466618880660687,44,0,,1.0,2.0569392613365283,0.4233306287242583,2.056754825359127,2,0,0.12843704223632812,cartesian(frac=1.00)
fruit_r0_p3_t0_f0,frontal,RRTConnect,0,True,False,False,False,False,0.46825385093688965,10.881321217968276,4.413527938115281,102,0,,,4.649038336512205,0.7916222724719328,4.649038336512206,0,0,0.0,frontal/거터법선 직선진입 22cm fraction=1.00 (회피 없음)
fruit_r0_p3_t0_f0,frontal,RRTConnect,1,True,False,False,False,False,0.37343692779541016,8.406275720050855,2.751298047439219,102,0,,,3.3279656994407274,0.8751721605846996,3.3279656994407283,0,0,0.0,frontal/거터법선 직선진입 22cm fraction=1.00 (회피 없음)
fruit_r0_p3_t0_f0,naive,RRTConnect,0,True,False,False,False,False,0.43994784355163574,5.172770599356037,2.514728102690932,84,32,stem_r0_p3_s1|grasped_fruit_r0_p3_t0_f0×22;rg2_leftfinger|stem_r0_p3_s1×10,,2.5863852996780174,0.0,2.586385299678019,0,0,0.0,naive/관절보간 40점 (회피 없음)
fruit_r0_p3_t0_f0,naive,RRTConnect,1,True,False,False,False,False,0.4706907272338867,4.552772598115041,2.4335198815710437,84,22,stem_r0_p3_s1|grasped_fruit_r0_p3_t0_f0×16;rg2_leftfinger|stem_r0_p3_s1×6,,2.276386299057521,0.0,2.2763862990575205,0,0,0.0,naive/관절보간 40점 (회피 없음)
fruit_r0_p2_t0_f0,harvest_linear,RRTConnect,0,True,True,False,False,False,1.8905212879180908,6.096971156218359,2.522621869577292,50,0,,1.0,2.652724190361613,0.3957189285644104,2.6528091087279253,2,0,0.13811826705932617,cartesian(frac=1.00)
fruit_r0_p2_t0_f0,harvest_linear,RRTConnect,1,True,True,False,False,False,1.8382956981658936,4.684533975734499,2.23670547793107,44,0,,1.0,1.9235428017864344,0.4183264960334205,1.9243381818812229,2,0,0.11991715431213379,cartesian(frac=1.00)
fruit_r0_p2_t0_f0,frontal,RRTConnect,0,True,False,False,False,False,0.4198427200317383,9.650825479903038,2.946973610750192,102,0,,,3.9526519884467888,0.8727607515047299,3.9526519884467897,0,0,0.0,frontal/거터법선 직선진입 22cm fraction=1.00 (회피 없음)
fruit_r0_p2_t0_f0,frontal,RRTConnect,1,True,False,False,False,False,0.42621803283691406,9.650824803508131,2.9469737769608493,102,0,,,3.9526519916884504,0.8727604100656157,3.9526519916884504,0,0,0.0,frontal/거터법선 직선진입 22cm fraction=1.00 (회피 없음)
fruit_r0_p2_t0_f0,naive,RRTConnect,0,True,False,False,False,False,0.3971385955810547,4.8637423481011615,2.2181373796285015,84,8,rg2_leftfinger|rachis_r0_p2_t1×8,,2.431871174050581,0.0,2.4318711740505803,0,0,0.0,naive/관절보간 40점 (회피 없음)
fruit_r0_p2_t0_f0,naive,RRTConnect,1,True,False,False,False,False,0.40549325942993164,4.863740320805304,2.218137498814415,84,8,rg2_leftfinger|rachis_r0_p2_t1×8,,2.4318701604026525,0.0,2.4318701604026516,0,0,0.0,naive/관절보간 40점 (회피 없음)
fruit_r0_p2_t1_f0,harvest_linear,RRTConnect,0,True,True,False,False,False,1.758192777633667,3.5544625330455863,1.8755812757306154,36,0,,1.0,1.3533584444255529,0.42393223151918,1.3532396255816737,2,0,0.10517621040344238,cartesian(frac=1.00)
fruit_r0_p2_t1_f0,harvest_linear,RRTConnect,1,True,True,False,False,False,1.7712912559509277,3.55314782756982,1.8767168844474091,36,0,,1.0,1.352091226959453,0.42393223151918,1.3531921375720068,2,0,0.11377692222595215,cartesian(frac=1.00)
fruit_r0_p2_t1_f0,frontal,RRTConnect,0,True,False,False,False,False,0.41359686851501465,8.213010206015381,2.220843605160323,98,0,,,3.5482652593030704,0.5582398437046205,3.54826525930307,0,0,0.0,frontal/거터법선 직선진입 13cm fraction=1.00 (회피 없음)
fruit_r0_p2_t1_f0,frontal,RRTConnect,1,True,False,False,False,False,0.3719768524169922,6.758913839473969,1.841363618397565,98,0,,,2.8519751922096055,0.5274817275273794,2.851975192209605,0,0,0.0,frontal/거터법선 직선진입 13cm fraction=1.00 (회피 없음)
fruit_r0_p2_t1_f0,naive,RRTConnect,0,True,False,False,False,False,0.3856348991394043,8.531724111072668,2.75686098663374,84,14,stem_r0_p2_s1|grasped_fruit_r0_p2_t1_f0×10;rg2_leftfinger|stem_r0_p2_s1×4,,4.265862055536334,0.0,4.265862055536334,0,0,0.0,naive/관절보간 40점 (회피 없음)
fruit_r0_p2_t1_f0,naive,RRTConnect,1,True,False,False,False,False,0.3640117645263672,3.75782498850821,1.866249503507321,84,0,,,1.8789124942541044,0.0,1.8789124942541051,0,0,0.0,naive/관절보간 40점 (회피 없음)
fruit_r0_p3_t1_f0,harvest_linear,RRTConnect,0,True,True,False,False,False,2.4752960205078125,3.869341833237166,2.1663388665947307,40,0,,1.0,1.521026198472176,0.4136124001978493,1.5210908343692913,2,0,0.11221098899841309,cartesian(frac=1.00)
fruit_r0_p3_t1_f0,harvest_linear,RRTConnect,1,True,True,False,False,False,2.5084283351898193,3.868496488990883,2.16451212755448,40,0,,1.0,1.5207144025092627,0.4136124001978493,1.5205572860859216,2,0,0.08305120468139648,cartesian(frac=1.00)
fruit_r0_p3_t1_f0,frontal,RRTConnect,0,True,False,False,False,False,0.3806295394897461,9.226988443389363,3.855153969645593,98,0,,,4.078148183167804,0.5353460385268783,4.078148183167803,0,0,0.0,frontal/거터법선 직선진입 13cm fraction=1.00 (회피 없음)
fruit_r0_p3_t1_f0,frontal,RRTConnect,1,True,False,False,False,False,0.4299943447113037,9.275105205478027,3.869446056025456,98,0,,,4.112485981375664,0.5250666213633495,4.112485981375664,0,0,0.0,frontal/거터법선 직선진입 13cm fraction=1.00 (회피 없음)
fruit_r0_p3_t1_f0,naive,RRTConnect,0,True,False,False,False,False,0.3818340301513672,3.185506117083955,2.082180460361169,84,14,stem_r0_p3_s1|grasped_fruit_r0_p3_t1_f0×10;rg2_leftfinger|stem_r0_p3_s1×4,,1.5927530585419776,0.0,1.5927530585419774,0,0,0.0,naive/관절보간 40점 (회피 없음)
fruit_r0_p3_t1_f0,naive,RRTConnect,1,True,False,False,False,False,0.3533952236175537,7.699829450105529,3.9435703956802888,84,0,,,3.8499147250527646,0.0,3.8499147250527646,0,0,0.0,naive/관절보간 40점 (회피 없음)
fruit_r0_p4_t0_f0,harvest_linear,RRTConnect,0,True,True,False,False,False,3.4729018211364746,5.524965925966187,3.044994778401297,48,0,,1.0,2.1179859327015396,0.6445524980465057,2.1178749971716364,2,0,0.11841034889221191,cartesian(frac=1.00)
fruit_r0_p4_t0_f0,harvest_linear,RRTConnect,1,True,True,False,False,False,3.4636311531066895,9.29941106268329,4.4549251333601125,58,0,,1.0,3.880654980811233,0.7687333528493072,3.881289376173443,2,0,0.15003395080566406,cartesian(frac=1.00)
fruit_r0_p4_t0_f0,frontal,RRTConnect,0,True,False,False,False,False,0.7489964962005615,10.033659681196077,4.588673224032999,104,0,,,4.044444921890574,0.9723849187074649,4.044444921890574,0,0,0.0,frontal/거터법선 직선진입 13cm fraction=1.00 (회피 없음)
fruit_r0_p4_t0_f0,frontal,RRTConnect,1,True,False,False,False,False,0.7250280380249023,10.033686429879621,4.588673280361372,104,0,,,4.044447965529588,0.9723952494102236,4.044447965529586,0,0,0.0,frontal/거터법선 직선진입 13cm fraction=1.00 (회피 없음)
fruit_r0_p4_t0_f0,naive,RRTConnect,0,True,False,False,False,False,0.7233481407165527,7.544210247548067,4.554145945024855,84,0,,,3.7721051237740335,0.0,3.7721051237740335,0,0,0.0,naive/관절보간 40점 (회피 없음)
fruit_r0_p4_t0_f0,naive,RRTConnect,1,True,False,False,False,False,0.7433514595031738,4.159927826227141,2.900713925349393,84,26,stem_r0_p3_s1|grasped_fruit_r0_p4_t0_f0×8;stem_r0_p4_s1|grasped_fruit_r0_p4_t0_f0×8;rg2_leftfinger|stem_r0_p4_s1×6;rg2_leftfinger|stem_r0_p3_s2×4;stem_r0_p4_s0|grasped_fruit_r0_p4_t0_f0×4;rg2_leftfinger|stem_r0_p3_s1×2;rg2_hand|stem_r0_p4_s1×2,,2.0799639131135708,0.0,2.07996391311357,0,0,0.0,naive/관절보간 40점 (회피 없음)
fruit_r0_p1_t0_f0,harvest_linear,RRTConnect,0,True,True,False,False,False,1.5169432163238525,5.3569438967176195,2.275173231225251,52,0,,1.0,1.9904881426137002,0.6882533130042714,1.989949128095376,2,0,0.13810515403747559,cartesian(frac=1.00)
fruit_r0_p1_t0_f0,harvest_linear,RRTConnect,1,True,True,False,False,False,1.571239709854126,5.994820331216948,2.425585163765135,54,0,,1.0,2.009793585171588,0.9878222078174288,2.009382330410503,2,0,0.10932803153991699,cartesian(frac=1.00)
fruit_r0_p1_t0_f0,frontal,RRTConnect,0,True,False,True,False,True,0.5486595630645752,0.0,0.0,0,0,,,0.0,0.0,0.0,0,0,0.0,frontal/IK 실패
fruit_r0_p1_t0_f0,frontal,RRTConnect,1,True,False,True,False,True,0.5299625396728516,0.0,0.0,0,0,,,0.0,0.0,0.0,0,0,0.0,frontal/IK 실패
fruit_r0_p1_t0_f0,naive,RRTConnect,0,True,False,False,False,False,0.4944119453430176,3.5489240746909143,2.325047589281775,84,0,,,1.7744620373454572,0.0,1.7744620373454574,0,0,0.0,naive/관절보간 40점 (회피 없음)
fruit_r0_p1_t0_f0,naive,RRTConnect,1,True,False,False,False,False,0.48737168312072754,3.5489240746909143,2.325047589281775,84,0,,,1.7744620373454572,0.0,1.7744620373454574,0,0,0.0,naive/관절보간 40점 (회피 없음)
fruit_r0_p1_t1_f0,harvest_linear,RRTConnect,0,True,True,False,False,False,3.564906597137451,7.138459524589964,1.94200172690504,56,0,,1.0,2.4587567162860537,1.1103485958105241,2.459005616682861,2,0,0.11336636543273926,cartesian(frac=1.00)
fruit_r0_p1_t1_f0,harvest_linear,RRTConnect,1,True,True,False,False,False,3.5212771892547607,7.138613030606716,1.943605938650581,56,0,,1.0,2.4581187062044196,1.1103485958105241,2.4597971327812482,2,0,0.0867002010345459,cartesian(frac=1.00)
fruit_r0_p1_t1_f0,frontal,RRTConnect,0,True,False,True,False,True,1.1064238548278809,0.0,0.0,0,0,,,0.0,0.0,0.0,0,0,0.0,frontal/IK 실패
fruit_r0_p1_t1_f0,frontal,RRTConnect,1,True,False,True,False,True,1.0811820030212402,0.0,0.0,0,0,,,0.0,0.0,0.0,0,0,0.0,frontal/IK 실패
fruit_r0_p1_t1_f0,naive,RRTConnect,0,True,False,False,False,False,1.0571892261505127,4.369819484196416,1.8843847042709463,84,0,,,2.184909742098208,0.0,2.1849097420982075,0,0,0.0,naive/관절보간 40점 (회피 없음)
fruit_r0_p1_t1_f0,naive,RRTConnect,1,True,False,False,False,False,1.0594871044158936,4.369819484196416,1.8843847042709463,84,0,,,2.184909742098208,0.0,2.1849097420982075,0,0,0.0,naive/관절보간 40점 (회피 없음)
fruit_r0_p2_t2_f0,harvest_linear,RRTConnect,0,True,True,False,False,False,3.4974966049194336,6.717355551516862,1.5850265054974917,56,0,,1.0,2.350151526892521,1.008765884172147,2.3496722562800474,2,0,0.09766006469726562,cartesian(frac=1.00)
fruit_r0_p2_t2_f0,harvest_linear,RRTConnect,1,True,True,False,False,False,3.526366710662842,6.716237367100069,1.5860627437980164,56,0,,1.0,2.3486970978622512,1.008765884172147,2.350008500893524,2,0,0.09765791893005371,cartesian(frac=1.00)
fruit_r0_p2_t2_f0,frontal,RRTConnect,0,True,False,True,False,True,1.0747411251068115,0.0,0.0,0,0,,,0.0,0.0,0.0,0,0,0.0,frontal/IK 실패
fruit_r0_p2_t2_f0,frontal,RRTConnect,1,True,False,True,False,True,1.090421438217163,0.0,0.0,0,0,,,0.0,0.0,0.0,0,0,0.0,frontal/IK 실패
fruit_r0_p2_t2_f0,naive,RRTConnect,0,True,False,False,False,False,1.035705804824829,4.018199230857228,1.4950214085902465,84,0,,,2.0090996154286143,0.0,2.009099615428614,0,0,0.0,naive/관절보간 40점 (회피 없음)
fruit_r0_p2_t2_f0,naive,RRTConnect,1,True,False,False,False,False,1.0337543487548828,4.018199230857228,1.4950214085902465,84,0,,,2.0090996154286143,0.0,2.009099615428614,0,0,0.0,naive/관절보간 40점 (회피 없음)
fruit_r0_p2_t0_f3,harvest_linear,RRTConnect,0,True,True,False,False,False,1.3349952697753906,5.402390365238613,2.2690293348272172,46,0,,1.0,2.3069748470258715,0.3938674049329982,2.307680708346745,2,0,0.09092426300048828,cartesian(frac=1.00)
fruit_r0_p2_t0_f3,harvest_linear,RRTConnect,1,True,True,False,False,False,1.404062032699585,4.7911875647378785,2.362737484627579,44,0,,1.0,1.9875350571037225,0.4075515288556433,1.9885494499228693,2,0,0.12764477729797363,cartesian(frac=1.00)
fruit_r0_p2_t0_f3,frontal,RRTConnect,0,True,False,False,False,False,0.24621963500976562,10.182587463304584,3.19911884034755,102,0,,,4.089324660138741,1.0019690715135505,4.089324660138741,0,0,0.0,frontal/거터법선 직선진입 25cm fraction=1.00 (회피 없음)
fruit_r0_p2_t0_f3,frontal,RRTConnect,1,True,False,False,False,False,0.3003044128417969,10.182587483941491,3.199118938595708,102,0,,,4.08932470665216,1.0019690353185855,4.08932470665216,0,0,0.0,frontal/거터법선 직선진입 25cm fraction=1.00 (회피 없음)
fruit_r0_p2_t0_f3,naive,RRTConnect,0,True,False,False,False,False,0.19856953620910645,9.167229292770841,3.5796590677110016,84,14,rg2_hand|stem_r0_p2_s0×8;stem_r0_p2_s0|grasped_fruit_r0_p2_t0_f3×8;rg2_leftfinger|stem_r0_p2_s0×6;rg2_hand|stem_r0_p2_s1×4,,4.58361464638542,0.0,4.5836146463854215,0,0,0.0,naive/관절보간 40점 (회피 없음)
fruit_r0_p2_t0_f3,naive,RRTConnect,1,True,False,False,False,False,0.2554128170013428,5.175491762636451,2.4355924440003953,84,22,stem_r0_p2_s1|grasped_fruit_r0_p2_t0_f3×16;rg2_leftfinger|rachis_r0_p2_t1×8,,2.587745881318225,0.0,2.587745881318226,0,0,0.0,naive/관절보간 40점 (회피 없음)
fruit_r0_p2_t0_f2,harvest_linear,RRTConnect,0,True,True,False,False,False,1.1792590618133545,5.5072750663650405,2.152683791175339,48,0,,1.0,2.3701452821488123,0.3831049584488792,2.3709198673184697,2,0,0.12177062034606934,cartesian(frac=1.00)
fruit_r0_p2_t0_f2,harvest_linear,RRTConnect,1,True,True,False,False,False,1.1328773498535156,6.022874911950293,2.1197430891930944,48,0,,1.0,2.649489752756511,0.3619798606177606,2.6494254379582602,2,0,0.12199878692626953,cartesian(frac=1.00)
fruit_r0_p2_t0_f2,frontal,RRTConnect,0,True,False,False,False,False,0.2142477035522461,10.18078942208803,3.0430930083657532,102,0,,,4.08237259621862,1.008022114825395,4.08237259621862,0,0,0.0,frontal/거터법선 직선진입 25cm fraction=1.00 (회피 없음)
fruit_r0_p2_t0_f2,frontal,RRTConnect,1,True,False,False,False,False,0.2512235641479492,9.071018359477687,2.618497402263424,102,0,,,3.6111299428638093,0.924379236875034,3.6111299428638097,0,0,0.0,frontal/거터법선 직선진입 25cm fraction=1.00 (회피 없음)
fruit_r0_p2_t0_f2,naive,RRTConnect,0,True,False,False,False,False,0.25905823707580566,8.877697233083728,3.336243853400781,84,16,stem_r0_p2_s1|grasped_fruit_r0_p2_t0_f2×12;stem_r0_p2_s0|grasped_fruit_r0_p2_t0_f2×10;rg2_leftfinger|stem_r0_p2_s1×6;rg2_hand|stem_r0_p2_s1×2,,4.438848616541864,0.0,4.438848616541864,0,0,0.0,naive/관절보간 40점 (회피 없음)
fruit_r0_p2_t0_f2,naive,RRTConnect,1,True,False,False,False,False,0.1929941177368164,4.307363157931827,2.2732433360164066,84,4,rg2_leftfinger|rachis_r0_p2_t1×4,,2.1536815789659136,0.0,2.1536815789659136,0,0,0.0,naive/관절보간 40점 (회피 없음)
fruit_r0_p3_t0_f2,harvest_linear,RRTConnect,0,True,True,False,False,False,1.7175321578979492,5.007933897154837,2.48933818615999,44,0,,1.0,2.120577949689908,0.38329499711159287,2.120765953241743,2,0,0.13434696197509766,cartesian(frac=1.00)
fruit_r0_p3_t0_f2,harvest_linear,RRTConnect,1,True,True,False,False,False,1.647660255432129,5.472988782926544,2.677056406530169,44,2,rg2_leftfinger|rachis_r0_p3_t1×2,1.0,2.2750487039088316,0.46158602814730615,2.2747680227231006,2,0,0.12333559989929199,cartesian(frac=1.00)
fruit_r0_p3_t0_f2,frontal,RRTConnect,0,True,False,False,False,False,0.34790897369384766,8.58602374092994,2.8848169783154534,102,0,,,3.2889293000816195,1.0040825703833505,3.2889293000816195,0,0,0.0,frontal/거터법선 직선진입 25cm fraction=1.00 (회피 없음)
fruit_r0_p3_t0_f2,frontal,RRTConnect,1,True,False,False,False,False,0.44872283935546875,11.142157688268925,4.5358618884045185,102,0,,,4.669100850800869,0.9019779933335936,4.669100850800869,0,0,0.0,frontal/거터법선 직선진입 25cm fraction=1.00 (회피 없음)
fruit_r0_p3_t0_f2,naive,RRTConnect,0,True,False,False,False,False,0.38882970809936523,8.692157638464227,4.725289797934469,84,2,rg2_leftfinger|rachis_r0_p4_t0×2;rg2_leftfinger|stem_r0_p4_s0×2;rg2_leftfinger|stem_r0_p4_s1×2,,4.346078819232114,0.0,4.3460788192321145,0,0,0.0,naive/관절보간 40점 (회피 없음)
fruit_r0_p3_t0_f2,naive,RRTConnect,1,True,False,False,False,False,0.33794355392456055,5.00317903993149,2.5967304449661786,84,26,stem_r0_p3_s1|grasped_fruit_r0_p3_t0_f2×16;rg2_leftfinger|stem_r0_p3_s1×10;rg2_hand|stem_r0_p3_s1×6,,2.5015895199657447,0.0,2.501589519965746,0,0,0.0,naive/관절보간 40점 (회피 없음)
fruit_r0_p3_t1_f3,harvest_linear,RRTConnect,0,True,True,False,False,False,2.166902780532837,3.825073246180007,2.273735172254148,38,0,,1.0,1.53585158043463,0.377266599610968,1.5346884665234413,2,0,0.13222765922546387,cartesian(frac=1.00)
fruit_r0_p3_t1_f3,harvest_linear,RRTConnect,1,True,True,False,False,False,2.1312224864959717,3.8237689714979135,2.2731576015407775,38,0,,1.0,1.534778531273766,0.377266599610968,1.5344572410022115,2,0,0.128373384475708,cartesian(frac=1.00)
fruit_r0_p3_t1_f3,frontal,RRTConnect,0,True,False,False,False,False,0.3271505832672119,6.743848883438114,2.333153730601288,100,0,,,2.6752717781967426,0.696652663522314,2.675271778196743,0,0,0.0,frontal/거터법선 직선진입 16cm fraction=1.00 (회피 없음)
fruit_r0_p3_t1_f3,frontal,RRTConnect,1,True,False,False,False,False,0.32573485374450684,9.682497346597419,4.038831819246237,100,0,,,4.18303332477556,0.6582153485231494,4.18303332477556,0,0,0.0,frontal/거터법선 직선진입 16cm fraction=1.00 (회피 없음)
fruit_r0_p3_t1_f3,naive,RRTConnect,0,True,False,False,False,False,0.27649402618408203,4.082946931330782,2.260588385331972,84,16,stem_r0_p3_s1|grasped_fruit_r0_p3_t1_f3×12;rg2_leftfinger|stem_r0_p3_s1×4,,2.041473465665391,0.0,2.041473465665391,0,0,0.0,naive/관절보간 40점 (회피 없음)
fruit_r0_p3_t1_f3,naive,RRTConnect,1,True,False,False,False,False,0.256793737411499,8.143905273588548,4.284983082662721,84,0,,,4.071952636794275,0.0,4.071952636794273,0,0,0.0,naive/관절보간 40점 (회피 없음)
fruit_r0_p2_t1_f2,harvest_linear,RRTConnect,0,True,True,False,False,False,0.805168628692627,3.518098272949456,1.9459027519302552,36,0,,1.0,1.3551807748588873,0.4043992720555155,1.3541189539795377,2,0,0.10367226600646973,cartesian(frac=1.00)
fruit_r0_p2_t1_f2,harvest_linear,RRTConnect,1,True,True,False,False,False,0.8015604019165039,3.519012346599424,1.9456750948092738,36,0,,1.0,1.3547051000796464,0.4043992720555155,1.3555087024087467,2,0,0.13647103309631348,cartesian(frac=1.00)
fruit_r0_p2_t1_f2,frontal,RRTConnect,0,True,False,False,False,False,0.13390898704528809,8.800474655823596,2.3318873892826697,100,0,,,3.720254348271155,0.6799829796406429,3.720254348271154,0,0,0.0,frontal/거터법선 직선진입 16cm fraction=1.00 (회피 없음)
fruit_r0_p2_t1_f2,frontal,RRTConnect,1,True,False,False,False,False,0.16441750526428223,8.747139070647831,2.3086778726395227,100,0,,,3.678552404485584,0.6950171308383316,3.6785524044855844,0,0,0.0,frontal/거터법선 직선진입 16cm fraction=1.00 (회피 없음)
fruit_r0_p2_t1_f2,naive,RRTConnect,0,True,False,False,False,False,0.1412043571472168,3.704886492909488,1.9326586197990645,84,0,,,1.852443246454744,0.0,1.852443246454744,0,0,0.0,naive/관절보간 40점 (회피 없음)
fruit_r0_p2_t1_f2,naive,RRTConnect,1,True,False,False,False,False,0.1478722095489502,2.9472338565522618,1.8742666465707503,84,0,,,1.473616928276131,0.0,1.4736169282761309,0,0,0.0,naive/관절보간 40점 (회피 없음)
fruit_r0_p1_t0_f2,harvest_linear,RRTConnect,0,True,True,False,False,False,1.4522960186004639,5.298335554798086,2.2899204150010606,50,0,,1.0,2.0198148313880124,0.6289663050586811,2.0205881132927117,2,0,0.11208891868591309,cartesian(frac=1.00)
fruit_r0_p1_t0_f2,harvest_linear,RRTConnect,1,True,True,False,False,False,1.469412088394165,4.935552937396098,2.250023362061733,44,0,,1.0,1.9039770249666281,0.5633564910965103,1.9048629302364497,2,0,0.12482571601867676,cartesian(frac=1.00)
fruit_r0_p1_t0_f2,frontal,RRTConnect,0,True,False,True,False,True,0.41518211364746094,0.0,0.0,0,0,,,0.0,0.0,0.0,0,0,0.0,frontal/IK 실패
fruit_r0_p1_t0_f2,frontal,RRTConnect,1,True,False,True,False,True,0.4321560859680176,0.0,0.0,0,0,,,0.0,0.0,0.0,0,0,0.0,frontal/IK 실패
fruit_r0_p1_t0_f2,naive,RRTConnect,0,True,False,False,False,False,0.4676365852355957,3.5564726241181415,2.33724533335505,84,0,,,1.7782363120590712,0.0,1.7782363120590705,0,0,0.0,naive/관절보간 40점 (회피 없음)
fruit_r0_p1_t0_f2,naive,RRTConnect,1,True,False,False,False,False,0.40087151527404785,4.400721692338382,2.2931719494628036,84,0,,,2.200360846169191,0.0,2.200360846169191,0,0,0.0,naive/관절보간 40점 (회피 없음)
fruit_r0_p3_t1_f2,harvest_linear,RRTConnect,0,True,True,False,False,False,1.735832691192627,3.8269544657285284,2.184014547746317,40,0,,1.0,1.4544960905830095,0.4585951761710773,1.4552680228033645,2,0,0.08720684051513672,cartesian(frac=1.00)
fruit_r0_p3_t1_f2,harvest_linear,RRTConnect,1,True,True,False,False,False,1.7710771560668945,3.8301361975762314,2.1874853923384876,40,0,,1.0,1.4563410799257632,0.4585951761710773,1.4566047653083134,2,0,0.11475062370300293,cartesian(frac=1.00)
fruit_r0_p3_t1_f2,frontal,RRTConnect,0,True,False,False,False,False,0.3478701114654541,6.405328147910025,2.3055362270968716,100,0,,,2.460007326913222,0.742656747041791,2.460007326913221,0,0,0.0,frontal/거터법선 직선진입 16cm fraction=1.00 (회피 없음)
fruit_r0_p3_t1_f2,frontal,RRTConnect,1,True,False,False,False,False,0.36310410499572754,6.495523009897106,2.3083235632043366,100,0,,,2.5147117354706316,0.733049769477922,2.5147117354706308,0,0,0.0,frontal/거터법선 직선진입 16cm fraction=1.00 (회피 없음)
fruit_r0_p3_t1_f2,naive,RRTConnect,0,True,False,False,False,False,0.38923192024230957,3.7416301721316314,2.238464430539504,84,14,stem_r0_p3_s1|grasped_fruit_r0_p3_t1_f2×10;rg2_leftfinger|stem_r0_p3_s1×4;rg2_leftfinger|stem_r0_p3_s2×4,,1.8708150860658155,0.0,1.8708150860658157,0,0,0.0,naive/관절보간 40점 (회피 없음)
fruit_r0_p3_t1_f2,naive,RRTConnect,1,True,False,False,False,False,0.35640645027160645,3.061431599241362,2.1855137261432214,84,10,stem_r0_p3_s1|grasped_fruit_r0_p3_t1_f2×6;rg2_leftfinger|stem_r0_p3_s1×4;rg2_leftfinger|stem_r0_p3_s2×2,,1.5307157996206808,0.0,1.530715799620681,0,0,0.0,naive/관절보간 40점 (회피 없음)
fruit_r0_p4_t0_f3,harvest_linear,RRTConnect,0,True,True,False,False,False,3.092357635498047,5.477893578101174,2.9944452812234346,46,3,stem_r0_p4_s1|grasped_fruit_r0_p4_t0_f3×3,1.0,2.00341405868757,0.7355075751645188,2.0034643690845657,2,0,0.12064743041992188,cartesian(frac=1.00)
fruit_r0_p4_t0_f3,harvest_linear,RRTConnect,1,True,True,True,True,False,3.1628835201263428,6.546420358571133,2.8629475382342724,41,3,stem_r0_p4_s1|grasped_fruit_r0_p4_t0_f3×3,1.0,2.4566799307951905,0.8162614727481744,2.457217482279594,2,1,0.11607241630554199,cartesian(frac=1.00)
fruit_r0_p4_t0_f3,frontal,RRTConnect,0,True,False,True,False,True,0.6674051284790039,0.0,0.0,0,0,,,0.0,0.0,0.0,0,0,0.0,frontal/IK 실패
fruit_r0_p4_t0_f3,frontal,RRTConnect,1,True,False,True,False,True,0.6784167289733887,0.0,0.0,0,0,,,0.0,0.0,0.0,0,0,0.0,frontal/IK 실패
fruit_r0_p4_t0_f3,naive,RRTConnect,0,True,False,False,False,False,0.6250817775726318,4.5969090473057,2.950755131010858,84,28,rg2_hand|stem_r0_p4_s1×10;rg2_leftfinger|stem_r0_p3_s1×6;stem_r0_p3_s1|grasped_fruit_r0_p4_t0_f3×6;rg2_rightfinger|stem_r0_p4_s0×6;rg2_rightfinger|stem_r0_p3_s1×4;rg2_leftfinger|stem_r0_p4_s1×4;rg2_hand|stem_r0_p4_s0×4;rg2_rightfinger|stem_r0_p4_s1×4;rg2_leftfinger|stem_r0_p3_s2×2,,2.29845452365285,0.0,2.29845452365285,0,0,0.0,naive/관절보간 40점 (회피 없음)
fruit_r0_p4_t0_f3,naive,RRTConnect,1,True,False,False,False,False,0.6003823280334473,7.4427912249302945,4.68132066617145,84,0,,,3.7213956124651477,0.0,3.7213956124651473,0,0,0.0,naive/관절보간 40점 (회피 없음)
fruit_r0_p1_t1_f3,harvest_linear,RRTConnect,0,True,True,False,False,False,3.5054707527160645,6.927068577254804,2.0673589160943013,56,0,,1.0,2.3722366386258646,1.0904562836243603,2.3739193713802194,2,0,0.13283014297485352,cartesian(frac=1.00)
fruit_r0_p1_t1_f3,harvest_linear,RRTConnect,1,True,True,False,False,False,3.530024528503418,7.1003313809669315,2.0551494414721683,56,0,,1.0,2.5493988576312345,1.0008555296364325,2.5492214640628315,2,0,0.11249923706054688,cartesian(frac=1.00)
fruit_r0_p1_t1_f3,frontal,RRTConnect,0,True,False,True,False,True,1.102860689163208,0.0,0.0,0,0,,,0.0,0.0,0.0,0,0,0.0,frontal/IK 실패
fruit_r0_p1_t1_f3,frontal,RRTConnect,1,True,False,True,False,True,1.1018257141113281,0.0,0.0,0,0,,,0.0,0.0,0.0,0,0,0.0,frontal/IK 실패
fruit_r0_p1_t1_f3,naive,RRTConnect,0,True,False,False,False,False,1.0564751625061035,4.536904106948577,1.9870657626081862,84,0,,,2.268452053474289,0.0,2.268452053474288,0,0,0.0,naive/관절보간 40점 (회피 없음)
fruit_r0_p1_t1_f3,naive,RRTConnect,1,True,False,False,False,False,1.0812582969665527,4.536904106948577,1.9870657626081862,84,0,,,2.268452053474289,0.0,2.268452053474288,0,0,0.0,naive/관절보간 40점 (회피 없음)
fruit_r0_p1_t1_f2,harvest_linear,RRTConnect,0,True,True,False,False,False,3.4999616146087646,6.927023576874728,1.9590137215883927,56,0,,1.0,2.470245078173843,0.9925501348434427,2.4716782290139996,2,0,0.1225583553314209,cartesian(frac=1.00)
fruit_r0_p1_t1_f2,harvest_linear,RRTConnect,1,True,True,False,False,False,3.4670603275299072,6.680724313469582,1.975647289145459,56,0,,1.0,2.247482134545635,1.0931663406886745,2.246909497546598,2,0,0.10176658630371094,cartesian(frac=1.00)
fruit_r0_p1_t1_f2,frontal,RRTConnect,0,True,False,True,False,True,1.0990021228790283,0.0,0.0,0,0,,,0.0,0.0,0.0,0,0,0.0,frontal/IK 실패
fruit_r0_p1_t1_f2,frontal,RRTConnect,1,True,False,True,False,True,1.1042559146881104,0.0,0.0,0,0,,,0.0,0.0,0.0,0,0,0.0,frontal/IK 실패
fruit_r0_p1_t1_f2,naive,RRTConnect,0,True,False,False,False,False,1.0759491920471191,4.396681499329765,1.8973387760683633,84,0,,,2.1983407496648826,0.0,2.1983407496648826,0,0,0.0,naive/관절보간 40점 (회피 없음)
fruit_r0_p1_t1_f2,naive,RRTConnect,1,True,False,False,False,False,1.0628323554992676,4.396681499329765,1.8973387760683633,84,0,,,2.1983407496648826,0.0,2.1983407496648826,0,0,0.0,naive/관절보간 40점 (회피 없음)
fruit_r0_p2_t2_f3,harvest_linear,RRTConnect,0,True,True,False,False,False,3.3295936584472656,5.9100843945212915,1.586335254687628,50,0,,1.0,2.013355058074564,0.941497314307072,2.0137347078325836,2,0,0.11017799377441406,cartesian(frac=1.00)
fruit_r0_p2_t2_f3,harvest_linear,RRTConnect,1,True,True,False,False,False,3.333885669708252,5.951311154967917,1.5873596159034182,50,0,,1.0,2.042903032446799,0.9331432971305306,2.042121528260057,2,0,0.11171269416809082,cartesian(frac=1.00)
fruit_r0_p2_t2_f3,frontal,RRTConnect,0,True,False,False,False,False,0.9958324432373047,6.850707843356288,1.5816980693476803,106,0,,,2.2557223187580355,1.1696316029201081,2.2557223187580355,0,0,0.0,frontal/거터법선 직선진입 16cm fraction=1.00 (회피 없음)
fruit_r0_p2_t2_f3,frontal,RRTConnect,1,True,False,False,False,False,0.9911670684814453,6.850707843356288,1.5816980693476803,106,0,,,2.2557223187580355,1.1696316029201081,2.2557223187580355,0,0,0.0,frontal/거터법선 직선진입 16cm fraction=1.00 (회피 없음)
fruit_r0_p2_t2_f3,naive,RRTConnect,0,True,False,False,False,False,0.976588249206543,3.648169535126408,1.5444808526612144,84,0,,,1.824084767563204,0.0,1.824084767563204,0,0,0.0,naive/관절보간 40점 (회피 없음)
fruit_r0_p2_t2_f3,naive,RRTConnect,1,True,False,False,False,False,0.9670908451080322,3.648169535126408,1.5444808526612144,84,0,,,1.824084767563204,0.0,1.824084767563204,0,0,0.0,naive/관절보간 40점 (회피 없음)
